INSERT INTO Cars (CHASSI_NUMBER, DEALER_CODE, MODEL, PDI_IDS)
VALUES ('CHASSI001', 'BYDAMEBR0076W', 'Modelo A', '{"pdi_ids": [1,2]}');

INSERT INTO Cars (CHASSI_NUMBER, DEALER_CODE, MODEL, PDI_IDS)
VALUES ('CHASSI002', 'BYDAMEBR0077W', 'Modelo B', '{"pdi_ids": [3,4,5]}');

INSERT INTO Cars (CHASSI_NUMBER, DEALER_CODE, MODEL, PDI_IDS)
VALUES ('CHASSI003', 'BYDAMEBR0078W', 'Modelo C', '{"pdi_ids": [6]}');

INSERT INTO Cars (CHASSI_NUMBER, DEALER_CODE, MODEL, PDI_IDS)
VALUES ('CHASSI004', 'BYDAMEBR0079W', 'Modelo D', '{"pdi_ids": [7,8]}');

INSERT INTO Cars (CHASSI_NUMBER, DEALER_CODE, MODEL, PDI_IDS)
VALUES ('CHASSI005', 'BYDAMEBR0080W', 'Modelo E', '{"pdi_ids": [9,10,11]}');



INSERT INTO PDI_LINK_TO_DEALER_CARS (
    CAR_ID, USER_ID, DEALER_CODE, CREATED_AT, CHASSI_NUMBER,
    SOC_PERCENTAGE, BATTERYV12, FIVE_MINUTES_HYBRID, 
    TIRE_PRESSURE_DD, TIRE_PRESSURE_TD, TIRE_PRESSURE_DE,
    TIRE_PRESSURE_TE, EXTRA_TEXT
)
VALUES 
(1, 101, 'BYDAMEBR0076W', TO_TIMESTAMP('2025-01-15 00:00:00','YYYY-MM-DD HH24:MI:SS'), 'CHASSI001',
 0.85, 12, 1, 32.5, 32.7, 33.0, 33.2, 'Verificação ok');
 
 INSERT INTO PDI_LINK_TO_DEALER_CARS (
    CAR_ID, USER_ID, DEALER_CODE, CREATED_AT, CHASSI_NUMBER,
    SOC_PERCENTAGE, BATTERYV12, FIVE_MINUTES_HYBRID, 
    TIRE_PRESSURE_DD, TIRE_PRESSURE_TD, TIRE_PRESSURE_DE,
    TIRE_PRESSURE_TE, EXTRA_TEXT
)
VALUES 
(1, 102, 'BYDAMEBR0076W', TO_TIMESTAMP('2025-02-10 00:00:00','YYYY-MM-DD HH24:MI:SS'), 'CHASSI001',
 0.90, 13, 0, 31.8, 31.9, 32.0, 32.1, 'PDI realizado sem problemas');

 INSERT INTO PDI_LINK_TO_DEALER_CARS (
    CAR_ID, USER_ID, DEALER_CODE, CREATED_AT, CHASSI_NUMBER,
    SOC_PERCENTAGE, BATTERYV12, FIVE_MINUTES_HYBRID, 
    TIRE_PRESSURE_DD, TIRE_PRESSURE_TD, TIRE_PRESSURE_DE,
    TIRE_PRESSURE_TE, EXTRA_TEXT
) VALUES 
(2, 201, 'BYDAMEBR0077W', TO_TIMESTAMP('2025-01-20 00:00:00','YYYY-MM-DD HH24:MI:SS'), 'CHASSI002',
 0.75, 11, 1, 30.5, 30.7, 30.8, 30.6, 'Tudo certo');

 INSERT INTO PDI_LINK_TO_DEALER_CARS (
    CAR_ID, USER_ID, DEALER_CODE, CREATED_AT, CHASSI_NUMBER,
    SOC_PERCENTAGE, BATTERYV12, FIVE_MINUTES_HYBRID, 
    TIRE_PRESSURE_DD, TIRE_PRESSURE_TD, TIRE_PRESSURE_DE,
    TIRE_PRESSURE_TE, EXTRA_TEXT
) VALUES 
(2, 202, 'BYDAMEBR0077W', TO_TIMESTAMP('2025-02-01 00:00:00','YYYY-MM-DD HH24:MI:SS'), 'CHASSI002',
 0.80, 12, 1, 31.0, 31.1, 31.2, 31.3, 'Pequena falha detectada');

 INSERT INTO PDI_LINK_TO_DEALER_CARS (
    CAR_ID, USER_ID, DEALER_CODE, CREATED_AT, CHASSI_NUMBER,
    SOC_PERCENTAGE, BATTERYV12, FIVE_MINUTES_HYBRID, 
    TIRE_PRESSURE_DD, TIRE_PRESSURE_TD, TIRE_PRESSURE_DE,
    TIRE_PRESSURE_TE, EXTRA_TEXT
) VALUES 
(2, 203, 'BYDAMEBR0077W', TO_TIMESTAMP('2025-03-01 00:00:00','YYYY-MM-DD HH24:MI:SS'), 'CHASSI002',
 0.95, 13, 0, 32.2, 32.3, 32.4, 32.5, 'Revisão completa');

 INSERT INTO PDI_LINK_TO_DEALER_CARS (
    CAR_ID, USER_ID, DEALER_CODE, CREATED_AT, CHASSI_NUMBER,
    SOC_PERCENTAGE, BATTERYV12, FIVE_MINUTES_HYBRID, 
    TIRE_PRESSURE_DD, TIRE_PRESSURE_TD, TIRE_PRESSURE_DE,
    TIRE_PRESSURE_TE, EXTRA_TEXT
) VALUES 
(3, 301, 'BYDAMEBR0078W', TO_TIMESTAMP('2025-01-05 00:00:00','YYYY-MM-DD HH24:MI:SS'), 'CHASSI003',
 0.65, 10, 1, 29.5, 29.7, 29.8, 29.6, 'Inspecionado com observações');

 INSERT INTO PDI_LINK_TO_DEALER_CARS (
    CAR_ID, USER_ID, DEALER_CODE, CREATED_AT, CHASSI_NUMBER,
    SOC_PERCENTAGE, BATTERYV12, FIVE_MINUTES_HYBRID, 
    TIRE_PRESSURE_DD, TIRE_PRESSURE_TD, TIRE_PRESSURE_DE,
    TIRE_PRESSURE_TE, EXTRA_TEXT
) VALUES 
(4, 401, 'BYDAMEBR0079W', TO_TIMESTAMP('2025-02-15 00:00:00','YYYY-MM-DD HH24:MI:SS'), 'CHASSI004',
 0.88, 14, 0, 33.5, 33.6, 33.7, 33.8, 'Sem pendências');

 INSERT INTO PDI_LINK_TO_DEALER_CARS (
    CAR_ID, USER_ID, DEALER_CODE, CREATED_AT, CHASSI_NUMBER,
    SOC_PERCENTAGE, BATTERYV12, FIVE_MINUTES_HYBRID, 
    TIRE_PRESSURE_DD, TIRE_PRESSURE_TD, TIRE_PRESSURE_DE,
    TIRE_PRESSURE_TE, EXTRA_TEXT
) VALUES 
(4, 402, 'BYDAMEBR0079W', TO_TIMESTAMP('2025-03-10 00:00:00','YYYY-MM-DD HH24:MI:SS'), 'CHASSI004',
 0.92, 15, 1, 34.0, 34.1, 34.2, 34.3, 'Nova inspeção realizada');

 INSERT INTO PDI_LINK_TO_DEALER_CARS (
    CAR_ID, USER_ID, DEALER_CODE, CREATED_AT, CHASSI_NUMBER,
    SOC_PERCENTAGE, BATTERYV12, FIVE_MINUTES_HYBRID, 
    TIRE_PRESSURE_DD, TIRE_PRESSURE_TD, TIRE_PRESSURE_DE,
    TIRE_PRESSURE_TE, EXTRA_TEXT
) VALUES 
(5, 501, 'BYDAMEBR0080W', TO_TIMESTAMP('2025-01-25 00:00:00','YYYY-MM-DD HH24:MI:SS'), 'CHASSI005',
 0.70, 11, 1, 30.0, 30.1, 30.2, 30.3, 'Revisão sem intercorrências');

 INSERT INTO PDI_LINK_TO_DEALER_CARS (
    CAR_ID, USER_ID, DEALER_CODE, CREATED_AT, CHASSI_NUMBER,
    SOC_PERCENTAGE, BATTERYV12, FIVE_MINUTES_HYBRID, 
    TIRE_PRESSURE_DD, TIRE_PRESSURE_TD, TIRE_PRESSURE_DE,
    TIRE_PRESSURE_TE, EXTRA_TEXT
) VALUES 
(5, 502, 'BYDAMEBR0080W', TO_TIMESTAMP('2025-02-20 00:00:00','YYYY-MM-DD HH24:MI:SS'), 'CHASSI005',
 0.78, 12, 0, 30.5, 30.6, 30.7, 30.8, 'Ajuste necessário');

 INSERT INTO PDI_LINK_TO_DEALER_CARS (
    CAR_ID, USER_ID, DEALER_CODE, CREATED_AT, CHASSI_NUMBER,
    SOC_PERCENTAGE, BATTERYV12, FIVE_MINUTES_HYBRID, 
    TIRE_PRESSURE_DD, TIRE_PRESSURE_TD, TIRE_PRESSURE_DE,
    TIRE_PRESSURE_TE, EXTRA_TEXT
) VALUES 
(5, 503, 'BYDAMEBR0080W', TO_TIMESTAMP('2025-03-15 00:00:00','YYYY-MM-DD HH24:MI:SS'), 'CHASSI005',
 0.85, 13, 1, 31.0, 31.1, 31.2, 31.3, 'Tudo OK');

INSERT INTO pdi_image_type (pdi_type_id, pdi_type_name) VALUES (1,  'chassi1');
INSERT INTO pdi_image_type (pdi_type_id, pdi_type_name) VALUES (2,  'chassi2');
INSERT INTO pdi_image_type (pdi_type_id, pdi_type_name) VALUES (3,  'chassi3');
INSERT INTO pdi_image_type (pdi_type_id, pdi_type_name) VALUES (4,  'chassi4');

INSERT INTO pdi_image_type (pdi_type_id, pdi_type_name) VALUES (5,  'SOC1');
INSERT INTO pdi_image_type (pdi_type_id, pdi_type_name) VALUES (6,  'SOC2');
INSERT INTO pdi_image_type (pdi_type_id, pdi_type_name) VALUES (7,  'SOC3');
INSERT INTO pdi_image_type (pdi_type_id, pdi_type_name) VALUES (8,  'SOC4');

INSERT INTO pdi_image_type (pdi_type_id, pdi_type_name) VALUES (9,  'Pneu1');
INSERT INTO pdi_image_type (pdi_type_id, pdi_type_name) VALUES (10, 'Pneu2');
INSERT INTO pdi_image_type (pdi_type_id, pdi_type_name) VALUES (11, 'Pneu3');
INSERT INTO pdi_image_type (pdi_type_id, pdi_type_name) VALUES (12, 'Pneu4');

INSERT INTO pdi_image_type (pdi_type_id, pdi_type_name) VALUES (13, 'Bateria12v1');
INSERT INTO pdi_image_type (pdi_type_id, pdi_type_name) VALUES (14, 'Bateria12v2');
INSERT INTO pdi_image_type (pdi_type_id, pdi_type_name) VALUES (15, 'Bateria12v3');
INSERT INTO pdi_image_type (pdi_type_id, pdi_type_name) VALUES (16, 'Bateria12v4');



UPDATE Cars 
SET MODEL = 'BYD YUAN PLUS'
WHERE CHASSI_NUMBER = 'CHASSI001';

UPDATE Cars 
SET MODEL = 'BYD TAN'
WHERE CHASSI_NUMBER = 'CHASSI002';

UPDATE Cars 
SET MODEL = 'BYD YUAN PRO'
WHERE CHASSI_NUMBER = 'CHASSI003';

UPDATE Cars 
SET MODEL = 'BYD SEAL'
WHERE CHASSI_NUMBER = 'CHASSI004';

UPDATE Cars 
SET MODEL = 'BYD HAN'
WHERE CHASSI_NUMBER = 'CHASSI005';